new_id,source_file,final_shop_jpg,final_transparent_png,hand_status
maktaba-product-001,532877123_17844722106554462_4855551912800303003_n.jfif,C:\Users\essaa\Documents\Codex\2026-06-12\files-mentioned-by-the-user-conversion\outputs\maktaba-product-images-final\01-final-shop-jpg\maktaba-product-001.jpg,C:\Users\essaa\Documents\Codex\2026-06-12\files-mentioned-by-the-user-conversion\outputs\maktaba-product-images-final\02-final-transparent-png\maktaba-product-001.png,ai_retouched_hard_case
maktaba-product-002,533390895_17844723687554462_4055990261761056432_n.jfif,C:\Users\essaa\Documents\Codex\2026-06-12\files-mentioned-by-the-user-conversion\outputs\maktaba-product-images-final\01-final-shop-jpg\maktaba-product-002.jpg,C:\Users\essaa\Documents\Codex\2026-06-12\files-mentioned-by-the-user-conversion\outputs\maktaba-product-images-final\02-final-transparent-png\maktaba-product-002.png,hand_removed
maktaba-product-003,534999058_17844748782554462_335047470687126357_n.jfif,C:\Users\essaa\Documents\Codex\2026-06-12\files-mentioned-by-the-user-conversion\outputs\maktaba-product-images-final\01-final-shop-jpg\maktaba-product-003.jpg,C:\Users\essaa\Documents\Codex\2026-06-12\files-mentioned-by-the-user-conversion\outputs\maktaba-product-images-final\02-final-transparent-png\maktaba-product-003.png,no_hand_removed
maktaba-product-004,535208361_17844723675554462_1703433051403653733_n.jfif,C:\Users\essaa\Documents\Codex\2026-06-12\files-mentioned-by-the-user-conversion\outputs\maktaba-product-images-final\01-final-shop-jpg\maktaba-product-004.jpg,C:\Users\essaa\Documents\Codex\2026-06-12\files-mentioned-by-the-user-conversion\outputs\maktaba-product-images-final\02-final-transparent-png\maktaba-product-004.png,hand_removed
maktaba-product-005,536295974_17845508559554462_1238399401249822682_n.jfif,C:\Users\essaa\Documents\Codex\2026-06-12\files-mentioned-by-the-user-conversion\outputs\maktaba-product-images-final\01-final-shop-jpg\maktaba-product-005.jpg,C:\Users\essaa\Documents\Codex\2026-06-12\files-mentioned-by-the-user-conversion\outputs\maktaba-product-images-final\02-final-transparent-png\maktaba-product-005.png,hand_removed
maktaba-product-006,536297370_17845364457554462_3049230689696001101_n.jfif,C:\Users\essaa\Documents\Codex\2026-06-12\files-mentioned-by-the-user-conversion\outputs\maktaba-product-images-final\01-final-shop-jpg\maktaba-product-006.jpg,C:\Users\essaa\Documents\Codex\2026-06-12\files-mentioned-by-the-user-conversion\outputs\maktaba-product-images-final\02-final-transparent-png\maktaba-product-006.png,ai_retouched_hard_case
maktaba-product-007,537540975_17845363653554462_6167165977739616912_n.jfif,C:\Users\essaa\Documents\Codex\2026-06-12\files-mentioned-by-the-user-conversion\outputs\maktaba-product-images-final\01-final-shop-jpg\maktaba-product-007.jpg,C:\Users\essaa\Documents\Codex\2026-06-12\files-mentioned-by-the-user-conversion\outputs\maktaba-product-images-final\02-final-transparent-png\maktaba-product-007.png,hand_removed
maktaba-product-008,539575208_17846909826554462_6177066847940293489_n.jfif,C:\Users\essaa\Documents\Codex\2026-06-12\files-mentioned-by-the-user-conversion\outputs\maktaba-product-images-final\01-final-shop-jpg\maktaba-product-008.jpg,C:\Users\essaa\Documents\Codex\2026-06-12\files-mentioned-by-the-user-conversion\outputs\maktaba-product-images-final\02-final-transparent-png\maktaba-product-008.png,hand_removed
maktaba-product-009,539627896_17846407869554462_3215495848282009549_n.jfif,C:\Users\essaa\Documents\Codex\2026-06-12\files-mentioned-by-the-user-conversion\outputs\maktaba-product-images-final\01-final-shop-jpg\maktaba-product-009.jpg,C:\Users\essaa\Documents\Codex\2026-06-12\files-mentioned-by-the-user-conversion\outputs\maktaba-product-images-final\02-final-transparent-png\maktaba-product-009.png,hand_removed
maktaba-product-010,539630343_17846813112554462_6172832431626832199_n.jfif,C:\Users\essaa\Documents\Codex\2026-06-12\files-mentioned-by-the-user-conversion\outputs\maktaba-product-images-final\01-final-shop-jpg\maktaba-product-010.jpg,C:\Users\essaa\Documents\Codex\2026-06-12\files-mentioned-by-the-user-conversion\outputs\maktaba-product-images-final\02-final-transparent-png\maktaba-product-010.png,hand_removed
maktaba-product-011,539669832_17846570859554462_2364212463033288281_n.jfif,C:\Users\essaa\Documents\Codex\2026-06-12\files-mentioned-by-the-user-conversion\outputs\maktaba-product-images-final\01-final-shop-jpg\maktaba-product-011.jpg,C:\Users\essaa\Documents\Codex\2026-06-12\files-mentioned-by-the-user-conversion\outputs\maktaba-product-images-final\02-final-transparent-png\maktaba-product-011.png,hand_removed
maktaba-product-012,539921332_17846813037554462_7409732661412003873_n.jfif,C:\Users\essaa\Documents\Codex\2026-06-12\files-mentioned-by-the-user-conversion\outputs\maktaba-product-images-final\01-final-shop-jpg\maktaba-product-012.jpg,C:\Users\essaa\Documents\Codex\2026-06-12\files-mentioned-by-the-user-conversion\outputs\maktaba-product-images-final\02-final-transparent-png\maktaba-product-012.png,hand_removed
maktaba-product-013,539947512_17846812926554462_1988498629090226732_n.jfif,C:\Users\essaa\Documents\Codex\2026-06-12\files-mentioned-by-the-user-conversion\outputs\maktaba-product-images-final\01-final-shop-jpg\maktaba-product-013.jpg,C:\Users\essaa\Documents\Codex\2026-06-12\files-mentioned-by-the-user-conversion\outputs\maktaba-product-images-final\02-final-transparent-png\maktaba-product-013.png,ai_retouched_hard_case
maktaba-product-014,541531021_17847897561554462_1384744264702431653_n.jfif,C:\Users\essaa\Documents\Codex\2026-06-12\files-mentioned-by-the-user-conversion\outputs\maktaba-product-images-final\01-final-shop-jpg\maktaba-product-014.jpg,C:\Users\essaa\Documents\Codex\2026-06-12\files-mentioned-by-the-user-conversion\outputs\maktaba-product-images-final\02-final-transparent-png\maktaba-product-014.png,hand_removed
maktaba-product-015,543376983_17848616349554462_8956425481357805512_n.jfif,C:\Users\essaa\Documents\Codex\2026-06-12\files-mentioned-by-the-user-conversion\outputs\maktaba-product-images-final\01-final-shop-jpg\maktaba-product-015.jpg,C:\Users\essaa\Documents\Codex\2026-06-12\files-mentioned-by-the-user-conversion\outputs\maktaba-product-images-final\02-final-transparent-png\maktaba-product-015.png,hand_removed
maktaba-product-016,551276482_17850776571554462_346403378211335691_n.jfif,C:\Users\essaa\Documents\Codex\2026-06-12\files-mentioned-by-the-user-conversion\outputs\maktaba-product-images-final\01-final-shop-jpg\maktaba-product-016.jpg,C:\Users\essaa\Documents\Codex\2026-06-12\files-mentioned-by-the-user-conversion\outputs\maktaba-product-images-final\02-final-transparent-png\maktaba-product-016.png,hand_removed
maktaba-product-017,553267478_17851794219554462_8429828288461148742_n.jfif,C:\Users\essaa\Documents\Codex\2026-06-12\files-mentioned-by-the-user-conversion\outputs\maktaba-product-images-final\01-final-shop-jpg\maktaba-product-017.jpg,C:\Users\essaa\Documents\Codex\2026-06-12\files-mentioned-by-the-user-conversion\outputs\maktaba-product-images-final\02-final-transparent-png\maktaba-product-017.png,ai_retouched_hard_case
maktaba-product-018,553491881_17851794228554462_1233166706002629490_n.jfif,C:\Users\essaa\Documents\Codex\2026-06-12\files-mentioned-by-the-user-conversion\outputs\maktaba-product-images-final\01-final-shop-jpg\maktaba-product-018.jpg,C:\Users\essaa\Documents\Codex\2026-06-12\files-mentioned-by-the-user-conversion\outputs\maktaba-product-images-final\02-final-transparent-png\maktaba-product-018.png,hand_removed
maktaba-product-019,553491895_17851794186554462_4922853085749321384_n.jfif,C:\Users\essaa\Documents\Codex\2026-06-12\files-mentioned-by-the-user-conversion\outputs\maktaba-product-images-final\01-final-shop-jpg\maktaba-product-019.jpg,C:\Users\essaa\Documents\Codex\2026-06-12\files-mentioned-by-the-user-conversion\outputs\maktaba-product-images-final\02-final-transparent-png\maktaba-product-019.png,ai_retouched_hard_case
maktaba-product-020,553755047_17851794147554462_5106784565791185572_n.jfif,C:\Users\essaa\Documents\Codex\2026-06-12\files-mentioned-by-the-user-conversion\outputs\maktaba-product-images-final\01-final-shop-jpg\maktaba-product-020.jpg,C:\Users\essaa\Documents\Codex\2026-06-12\files-mentioned-by-the-user-conversion\outputs\maktaba-product-images-final\02-final-transparent-png\maktaba-product-020.png,ai_retouched_hard_case
maktaba-product-021,553838198_17851794177554462_4724281707021464277_n.jfif,C:\Users\essaa\Documents\Codex\2026-06-12\files-mentioned-by-the-user-conversion\outputs\maktaba-product-images-final\01-final-shop-jpg\maktaba-product-021.jpg,C:\Users\essaa\Documents\Codex\2026-06-12\files-mentioned-by-the-user-conversion\outputs\maktaba-product-images-final\02-final-transparent-png\maktaba-product-021.png,ai_retouched_hard_case
maktaba-product-022,553850550_17851794129554462_7651031225794146975_n.jfif,C:\Users\essaa\Documents\Codex\2026-06-12\files-mentioned-by-the-user-conversion\outputs\maktaba-product-images-final\01-final-shop-jpg\maktaba-product-022.jpg,C:\Users\essaa\Documents\Codex\2026-06-12\files-mentioned-by-the-user-conversion\outputs\maktaba-product-images-final\02-final-transparent-png\maktaba-product-022.png,ai_retouched_hard_case
maktaba-product-023,554046217_17851803384554462_970750399420542488_n.jfif,C:\Users\essaa\Documents\Codex\2026-06-12\files-mentioned-by-the-user-conversion\outputs\maktaba-product-images-final\01-final-shop-jpg\maktaba-product-023.jpg,C:\Users\essaa\Documents\Codex\2026-06-12\files-mentioned-by-the-user-conversion\outputs\maktaba-product-images-final\02-final-transparent-png\maktaba-product-023.png,hand_removed
maktaba-product-024,554312274_17851794111554462_121672068660006809_n.jfif,C:\Users\essaa\Documents\Codex\2026-06-12\files-mentioned-by-the-user-conversion\outputs\maktaba-product-images-final\01-final-shop-jpg\maktaba-product-024.jpg,C:\Users\essaa\Documents\Codex\2026-06-12\files-mentioned-by-the-user-conversion\outputs\maktaba-product-images-final\02-final-transparent-png\maktaba-product-024.png,no_hand_removed
maktaba-product-025,554346613_17851794120554462_2757650693261965754_n.jfif,C:\Users\essaa\Documents\Codex\2026-06-12\files-mentioned-by-the-user-conversion\outputs\maktaba-product-images-final\01-final-shop-jpg\maktaba-product-025.jpg,C:\Users\essaa\Documents\Codex\2026-06-12\files-mentioned-by-the-user-conversion\outputs\maktaba-product-images-final\02-final-transparent-png\maktaba-product-025.png,ai_retouched_hard_case
maktaba-product-026,554780348_17851794159554462_412959987648020565_n.jfif,C:\Users\essaa\Documents\Codex\2026-06-12\files-mentioned-by-the-user-conversion\outputs\maktaba-product-images-final\01-final-shop-jpg\maktaba-product-026.jpg,C:\Users\essaa\Documents\Codex\2026-06-12\files-mentioned-by-the-user-conversion\outputs\maktaba-product-images-final\02-final-transparent-png\maktaba-product-026.png,hand_removed
maktaba-product-027,554818976_17851794138554462_8322941300538079091_n.jfif,C:\Users\essaa\Documents\Codex\2026-06-12\files-mentioned-by-the-user-conversion\outputs\maktaba-product-images-final\01-final-shop-jpg\maktaba-product-027.jpg,C:\Users\essaa\Documents\Codex\2026-06-12\files-mentioned-by-the-user-conversion\outputs\maktaba-product-images-final\02-final-transparent-png\maktaba-product-027.png,hand_removed
maktaba-product-028,554861516_17851794168554462_5582259465382917695_n.jfif,C:\Users\essaa\Documents\Codex\2026-06-12\files-mentioned-by-the-user-conversion\outputs\maktaba-product-images-final\01-final-shop-jpg\maktaba-product-028.jpg,C:\Users\essaa\Documents\Codex\2026-06-12\files-mentioned-by-the-user-conversion\outputs\maktaba-product-images-final\02-final-transparent-png\maktaba-product-028.png,ai_retouched_hard_case
maktaba-product-029,563349097_17853888024554462_9181059145392862422_n.jfif,C:\Users\essaa\Documents\Codex\2026-06-12\files-mentioned-by-the-user-conversion\outputs\maktaba-product-images-final\01-final-shop-jpg\maktaba-product-029.jpg,C:\Users\essaa\Documents\Codex\2026-06-12\files-mentioned-by-the-user-conversion\outputs\maktaba-product-images-final\02-final-transparent-png\maktaba-product-029.png,hand_removed
maktaba-product-030,590574173_17860815744554462_1043791833198126367_n.jfif,C:\Users\essaa\Documents\Codex\2026-06-12\files-mentioned-by-the-user-conversion\outputs\maktaba-product-images-final\01-final-shop-jpg\maktaba-product-030.jpg,C:\Users\essaa\Documents\Codex\2026-06-12\files-mentioned-by-the-user-conversion\outputs\maktaba-product-images-final\02-final-transparent-png\maktaba-product-030.png,hand_removed
maktaba-product-031,591172398_17861384496554462_453730584957416144_n.jfif,C:\Users\essaa\Documents\Codex\2026-06-12\files-mentioned-by-the-user-conversion\outputs\maktaba-product-images-final\01-final-shop-jpg\maktaba-product-031.jpg,C:\Users\essaa\Documents\Codex\2026-06-12\files-mentioned-by-the-user-conversion\outputs\maktaba-product-images-final\02-final-transparent-png\maktaba-product-031.png,no_hand_removed
maktaba-product-032,601477259_17861777070554462_6789979284576744883_n.jfif,C:\Users\essaa\Documents\Codex\2026-06-12\files-mentioned-by-the-user-conversion\outputs\maktaba-product-images-final\01-final-shop-jpg\maktaba-product-032.jpg,C:\Users\essaa\Documents\Codex\2026-06-12\files-mentioned-by-the-user-conversion\outputs\maktaba-product-images-final\02-final-transparent-png\maktaba-product-032.png,hand_removed
maktaba-product-033,603066373_17862366726554462_8686938574283739186_n.jfif,C:\Users\essaa\Documents\Codex\2026-06-12\files-mentioned-by-the-user-conversion\outputs\maktaba-product-images-final\01-final-shop-jpg\maktaba-product-033.jpg,C:\Users\essaa\Documents\Codex\2026-06-12\files-mentioned-by-the-user-conversion\outputs\maktaba-product-images-final\02-final-transparent-png\maktaba-product-033.png,hand_removed
maktaba-product-034,603997615_17862366714554462_7098564191693496774_n.jfif,C:\Users\essaa\Documents\Codex\2026-06-12\files-mentioned-by-the-user-conversion\outputs\maktaba-product-images-final\01-final-shop-jpg\maktaba-product-034.jpg,C:\Users\essaa\Documents\Codex\2026-06-12\files-mentioned-by-the-user-conversion\outputs\maktaba-product-images-final\02-final-transparent-png\maktaba-product-034.png,hand_removed
maktaba-product-035,608010401_17863563285554462_6632535968270129899_n.jfif,C:\Users\essaa\Documents\Codex\2026-06-12\files-mentioned-by-the-user-conversion\outputs\maktaba-product-images-final\01-final-shop-jpg\maktaba-product-035.jpg,C:\Users\essaa\Documents\Codex\2026-06-12\files-mentioned-by-the-user-conversion\outputs\maktaba-product-images-final\02-final-transparent-png\maktaba-product-035.png,ai_retouched_hard_case
maktaba-product-036,619505755_17866284387554462_4611069467833773399_n.jfif,C:\Users\essaa\Documents\Codex\2026-06-12\files-mentioned-by-the-user-conversion\outputs\maktaba-product-images-final\01-final-shop-jpg\maktaba-product-036.jpg,C:\Users\essaa\Documents\Codex\2026-06-12\files-mentioned-by-the-user-conversion\outputs\maktaba-product-images-final\02-final-transparent-png\maktaba-product-036.png,hand_removed
maktaba-product-037,620850268_17866672953554462_4709216088227803231_n.jfif,C:\Users\essaa\Documents\Codex\2026-06-12\files-mentioned-by-the-user-conversion\outputs\maktaba-product-images-final\01-final-shop-jpg\maktaba-product-037.jpg,C:\Users\essaa\Documents\Codex\2026-06-12\files-mentioned-by-the-user-conversion\outputs\maktaba-product-images-final\02-final-transparent-png\maktaba-product-037.png,no_hand_removed
maktaba-product-038,642815050_17872369668554462_8705155483741661164_n.jfif,C:\Users\essaa\Documents\Codex\2026-06-12\files-mentioned-by-the-user-conversion\outputs\maktaba-product-images-final\01-final-shop-jpg\maktaba-product-038.jpg,C:\Users\essaa\Documents\Codex\2026-06-12\files-mentioned-by-the-user-conversion\outputs\maktaba-product-images-final\02-final-transparent-png\maktaba-product-038.png,hand_removed
maktaba-product-039,WhatsApp Image 2026-06-15 at 15.58.13 (1).jpeg,C:\Users\essaa\Documents\Codex\2026-06-12\files-mentioned-by-the-user-conversion\outputs\maktaba-product-images-final\01-final-shop-jpg\maktaba-product-039.jpg,C:\Users\essaa\Documents\Codex\2026-06-12\files-mentioned-by-the-user-conversion\outputs\maktaba-product-images-final\02-final-transparent-png\maktaba-product-039.png,no_hand_removed
maktaba-product-040,WhatsApp Image 2026-06-15 at 15.58.13 (2).jpeg,C:\Users\essaa\Documents\Codex\2026-06-12\files-mentioned-by-the-user-conversion\outputs\maktaba-product-images-final\01-final-shop-jpg\maktaba-product-040.jpg,C:\Users\essaa\Documents\Codex\2026-06-12\files-mentioned-by-the-user-conversion\outputs\maktaba-product-images-final\02-final-transparent-png\maktaba-product-040.png,hand_removed
maktaba-product-041,WhatsApp Image 2026-06-15 at 15.58.13 (3).jpeg,C:\Users\essaa\Documents\Codex\2026-06-12\files-mentioned-by-the-user-conversion\outputs\maktaba-product-images-final\01-final-shop-jpg\maktaba-product-041.jpg,C:\Users\essaa\Documents\Codex\2026-06-12\files-mentioned-by-the-user-conversion\outputs\maktaba-product-images-final\02-final-transparent-png\maktaba-product-041.png,hand_removed
maktaba-product-042,WhatsApp Image 2026-06-15 at 15.58.13.jpeg,C:\Users\essaa\Documents\Codex\2026-06-12\files-mentioned-by-the-user-conversion\outputs\maktaba-product-images-final\01-final-shop-jpg\maktaba-product-042.jpg,C:\Users\essaa\Documents\Codex\2026-06-12\files-mentioned-by-the-user-conversion\outputs\maktaba-product-images-final\02-final-transparent-png\maktaba-product-042.png,no_hand_removed
maktaba-product-043,WhatsApp Image 2026-06-15 at 15.58.14 (1).jpeg,C:\Users\essaa\Documents\Codex\2026-06-12\files-mentioned-by-the-user-conversion\outputs\maktaba-product-images-final\01-final-shop-jpg\maktaba-product-043.jpg,C:\Users\essaa\Documents\Codex\2026-06-12\files-mentioned-by-the-user-conversion\outputs\maktaba-product-images-final\02-final-transparent-png\maktaba-product-043.png,hand_removed
maktaba-product-044,WhatsApp Image 2026-06-15 at 15.58.14 (2).jpeg,C:\Users\essaa\Documents\Codex\2026-06-12\files-mentioned-by-the-user-conversion\outputs\maktaba-product-images-final\01-final-shop-jpg\maktaba-product-044.jpg,C:\Users\essaa\Documents\Codex\2026-06-12\files-mentioned-by-the-user-conversion\outputs\maktaba-product-images-final\02-final-transparent-png\maktaba-product-044.png,no_hand_removed
maktaba-product-045,WhatsApp Image 2026-06-15 at 15.58.14 (3).jpeg,C:\Users\essaa\Documents\Codex\2026-06-12\files-mentioned-by-the-user-conversion\outputs\maktaba-product-images-final\01-final-shop-jpg\maktaba-product-045.jpg,C:\Users\essaa\Documents\Codex\2026-06-12\files-mentioned-by-the-user-conversion\outputs\maktaba-product-images-final\02-final-transparent-png\maktaba-product-045.png,hand_removed
maktaba-product-046,WhatsApp Image 2026-06-15 at 15.58.14 (4).jpeg,C:\Users\essaa\Documents\Codex\2026-06-12\files-mentioned-by-the-user-conversion\outputs\maktaba-product-images-final\01-final-shop-jpg\maktaba-product-046.jpg,C:\Users\essaa\Documents\Codex\2026-06-12\files-mentioned-by-the-user-conversion\outputs\maktaba-product-images-final\02-final-transparent-png\maktaba-product-046.png,no_hand_removed
maktaba-product-047,WhatsApp Image 2026-06-15 at 15.58.14 (5).jpeg,C:\Users\essaa\Documents\Codex\2026-06-12\files-mentioned-by-the-user-conversion\outputs\maktaba-product-images-final\01-final-shop-jpg\maktaba-product-047.jpg,C:\Users\essaa\Documents\Codex\2026-06-12\files-mentioned-by-the-user-conversion\outputs\maktaba-product-images-final\02-final-transparent-png\maktaba-product-047.png,ai_retouched_hard_case
maktaba-product-048,WhatsApp Image 2026-06-15 at 15.58.14 (6).jpeg,C:\Users\essaa\Documents\Codex\2026-06-12\files-mentioned-by-the-user-conversion\outputs\maktaba-product-images-final\01-final-shop-jpg\maktaba-product-048.jpg,C:\Users\essaa\Documents\Codex\2026-06-12\files-mentioned-by-the-user-conversion\outputs\maktaba-product-images-final\02-final-transparent-png\maktaba-product-048.png,hand_removed
maktaba-product-049,WhatsApp Image 2026-06-15 at 15.58.14 (7).jpeg,C:\Users\essaa\Documents\Codex\2026-06-12\files-mentioned-by-the-user-conversion\outputs\maktaba-product-images-final\01-final-shop-jpg\maktaba-product-049.jpg,C:\Users\essaa\Documents\Codex\2026-06-12\files-mentioned-by-the-user-conversion\outputs\maktaba-product-images-final\02-final-transparent-png\maktaba-product-049.png,ai_retouched_hard_case
maktaba-product-050,WhatsApp Image 2026-06-15 at 15.58.14.jpeg,C:\Users\essaa\Documents\Codex\2026-06-12\files-mentioned-by-the-user-conversion\outputs\maktaba-product-images-final\01-final-shop-jpg\maktaba-product-050.jpg,C:\Users\essaa\Documents\Codex\2026-06-12\files-mentioned-by-the-user-conversion\outputs\maktaba-product-images-final\02-final-transparent-png\maktaba-product-050.png,hand_removed
maktaba-product-051,WhatsApp Image 2026-06-15 at 15.58.15 (1).jpeg,C:\Users\essaa\Documents\Codex\2026-06-12\files-mentioned-by-the-user-conversion\outputs\maktaba-product-images-final\01-final-shop-jpg\maktaba-product-051.jpg,C:\Users\essaa\Documents\Codex\2026-06-12\files-mentioned-by-the-user-conversion\outputs\maktaba-product-images-final\02-final-transparent-png\maktaba-product-051.png,hand_removed
maktaba-product-052,WhatsApp Image 2026-06-15 at 15.58.15 (10).jpeg,C:\Users\essaa\Documents\Codex\2026-06-12\files-mentioned-by-the-user-conversion\outputs\maktaba-product-images-final\01-final-shop-jpg\maktaba-product-052.jpg,C:\Users\essaa\Documents\Codex\2026-06-12\files-mentioned-by-the-user-conversion\outputs\maktaba-product-images-final\02-final-transparent-png\maktaba-product-052.png,hand_removed
maktaba-product-053,WhatsApp Image 2026-06-15 at 15.58.15 (11).jpeg,C:\Users\essaa\Documents\Codex\2026-06-12\files-mentioned-by-the-user-conversion\outputs\maktaba-product-images-final\01-final-shop-jpg\maktaba-product-053.jpg,C:\Users\essaa\Documents\Codex\2026-06-12\files-mentioned-by-the-user-conversion\outputs\maktaba-product-images-final\02-final-transparent-png\maktaba-product-053.png,hand_removed
maktaba-product-054,WhatsApp Image 2026-06-15 at 15.58.15 (2).jpeg,C:\Users\essaa\Documents\Codex\2026-06-12\files-mentioned-by-the-user-conversion\outputs\maktaba-product-images-final\01-final-shop-jpg\maktaba-product-054.jpg,C:\Users\essaa\Documents\Codex\2026-06-12\files-mentioned-by-the-user-conversion\outputs\maktaba-product-images-final\02-final-transparent-png\maktaba-product-054.png,hand_removed
maktaba-product-055,WhatsApp Image 2026-06-15 at 15.58.15 (3).jpeg,C:\Users\essaa\Documents\Codex\2026-06-12\files-mentioned-by-the-user-conversion\outputs\maktaba-product-images-final\01-final-shop-jpg\maktaba-product-055.jpg,C:\Users\essaa\Documents\Codex\2026-06-12\files-mentioned-by-the-user-conversion\outputs\maktaba-product-images-final\02-final-transparent-png\maktaba-product-055.png,hand_removed
maktaba-product-056,WhatsApp Image 2026-06-15 at 15.58.15 (4).jpeg,C:\Users\essaa\Documents\Codex\2026-06-12\files-mentioned-by-the-user-conversion\outputs\maktaba-product-images-final\01-final-shop-jpg\maktaba-product-056.jpg,C:\Users\essaa\Documents\Codex\2026-06-12\files-mentioned-by-the-user-conversion\outputs\maktaba-product-images-final\02-final-transparent-png\maktaba-product-056.png,hand_removed
maktaba-product-057,WhatsApp Image 2026-06-15 at 15.58.15 (5).jpeg,C:\Users\essaa\Documents\Codex\2026-06-12\files-mentioned-by-the-user-conversion\outputs\maktaba-product-images-final\01-final-shop-jpg\maktaba-product-057.jpg,C:\Users\essaa\Documents\Codex\2026-06-12\files-mentioned-by-the-user-conversion\outputs\maktaba-product-images-final\02-final-transparent-png\maktaba-product-057.png,no_hand_removed
maktaba-product-058,WhatsApp Image 2026-06-15 at 15.58.15 (6).jpeg,C:\Users\essaa\Documents\Codex\2026-06-12\files-mentioned-by-the-user-conversion\outputs\maktaba-product-images-final\01-final-shop-jpg\maktaba-product-058.jpg,C:\Users\essaa\Documents\Codex\2026-06-12\files-mentioned-by-the-user-conversion\outputs\maktaba-product-images-final\02-final-transparent-png\maktaba-product-058.png,hand_removed
maktaba-product-059,WhatsApp Image 2026-06-15 at 15.58.15 (7).jpeg,C:\Users\essaa\Documents\Codex\2026-06-12\files-mentioned-by-the-user-conversion\outputs\maktaba-product-images-final\01-final-shop-jpg\maktaba-product-059.jpg,C:\Users\essaa\Documents\Codex\2026-06-12\files-mentioned-by-the-user-conversion\outputs\maktaba-product-images-final\02-final-transparent-png\maktaba-product-059.png,hand_removed
maktaba-product-060,WhatsApp Image 2026-06-15 at 15.58.15 (8).jpeg,C:\Users\essaa\Documents\Codex\2026-06-12\files-mentioned-by-the-user-conversion\outputs\maktaba-product-images-final\01-final-shop-jpg\maktaba-product-060.jpg,C:\Users\essaa\Documents\Codex\2026-06-12\files-mentioned-by-the-user-conversion\outputs\maktaba-product-images-final\02-final-transparent-png\maktaba-product-060.png,hand_removed
maktaba-product-061,WhatsApp Image 2026-06-15 at 15.58.15 (9).jpeg,C:\Users\essaa\Documents\Codex\2026-06-12\files-mentioned-by-the-user-conversion\outputs\maktaba-product-images-final\01-final-shop-jpg\maktaba-product-061.jpg,C:\Users\essaa\Documents\Codex\2026-06-12\files-mentioned-by-the-user-conversion\outputs\maktaba-product-images-final\02-final-transparent-png\maktaba-product-061.png,hand_removed
maktaba-product-062,WhatsApp Image 2026-06-15 at 15.58.15.jpeg,C:\Users\essaa\Documents\Codex\2026-06-12\files-mentioned-by-the-user-conversion\outputs\maktaba-product-images-final\01-final-shop-jpg\maktaba-product-062.jpg,C:\Users\essaa\Documents\Codex\2026-06-12\files-mentioned-by-the-user-conversion\outputs\maktaba-product-images-final\02-final-transparent-png\maktaba-product-062.png,hand_removed
maktaba-product-063,WhatsApp Image 2026-06-15 at 15.58.16 (1).jpeg,C:\Users\essaa\Documents\Codex\2026-06-12\files-mentioned-by-the-user-conversion\outputs\maktaba-product-images-final\01-final-shop-jpg\maktaba-product-063.jpg,C:\Users\essaa\Documents\Codex\2026-06-12\files-mentioned-by-the-user-conversion\outputs\maktaba-product-images-final\02-final-transparent-png\maktaba-product-063.png,hand_removed
maktaba-product-064,WhatsApp Image 2026-06-15 at 15.58.16 (2).jpeg,C:\Users\essaa\Documents\Codex\2026-06-12\files-mentioned-by-the-user-conversion\outputs\maktaba-product-images-final\01-final-shop-jpg\maktaba-product-064.jpg,C:\Users\essaa\Documents\Codex\2026-06-12\files-mentioned-by-the-user-conversion\outputs\maktaba-product-images-final\02-final-transparent-png\maktaba-product-064.png,no_hand_removed
maktaba-product-065,WhatsApp Image 2026-06-15 at 15.58.16 (3).jpeg,C:\Users\essaa\Documents\Codex\2026-06-12\files-mentioned-by-the-user-conversion\outputs\maktaba-product-images-final\01-final-shop-jpg\maktaba-product-065.jpg,C:\Users\essaa\Documents\Codex\2026-06-12\files-mentioned-by-the-user-conversion\outputs\maktaba-product-images-final\02-final-transparent-png\maktaba-product-065.png,hand_removed
maktaba-product-066,WhatsApp Image 2026-06-15 at 15.58.16 (4).jpeg,C:\Users\essaa\Documents\Codex\2026-06-12\files-mentioned-by-the-user-conversion\outputs\maktaba-product-images-final\01-final-shop-jpg\maktaba-product-066.jpg,C:\Users\essaa\Documents\Codex\2026-06-12\files-mentioned-by-the-user-conversion\outputs\maktaba-product-images-final\02-final-transparent-png\maktaba-product-066.png,hand_removed
maktaba-product-067,WhatsApp Image 2026-06-15 at 15.58.16 (5).jpeg,C:\Users\essaa\Documents\Codex\2026-06-12\files-mentioned-by-the-user-conversion\outputs\maktaba-product-images-final\01-final-shop-jpg\maktaba-product-067.jpg,C:\Users\essaa\Documents\Codex\2026-06-12\files-mentioned-by-the-user-conversion\outputs\maktaba-product-images-final\02-final-transparent-png\maktaba-product-067.png,hand_removed
maktaba-product-068,WhatsApp Image 2026-06-15 at 15.58.16 (6).jpeg,C:\Users\essaa\Documents\Codex\2026-06-12\files-mentioned-by-the-user-conversion\outputs\maktaba-product-images-final\01-final-shop-jpg\maktaba-product-068.jpg,C:\Users\essaa\Documents\Codex\2026-06-12\files-mentioned-by-the-user-conversion\outputs\maktaba-product-images-final\02-final-transparent-png\maktaba-product-068.png,hand_removed
maktaba-product-069,WhatsApp Image 2026-06-15 at 15.58.16 (7).jpeg,C:\Users\essaa\Documents\Codex\2026-06-12\files-mentioned-by-the-user-conversion\outputs\maktaba-product-images-final\01-final-shop-jpg\maktaba-product-069.jpg,C:\Users\essaa\Documents\Codex\2026-06-12\files-mentioned-by-the-user-conversion\outputs\maktaba-product-images-final\02-final-transparent-png\maktaba-product-069.png,hand_removed
maktaba-product-070,WhatsApp Image 2026-06-15 at 15.58.16 (8).jpeg,C:\Users\essaa\Documents\Codex\2026-06-12\files-mentioned-by-the-user-conversion\outputs\maktaba-product-images-final\01-final-shop-jpg\maktaba-product-070.jpg,C:\Users\essaa\Documents\Codex\2026-06-12\files-mentioned-by-the-user-conversion\outputs\maktaba-product-images-final\02-final-transparent-png\maktaba-product-070.png,hand_removed
maktaba-product-071,WhatsApp Image 2026-06-15 at 15.58.16 (9).jpeg,C:\Users\essaa\Documents\Codex\2026-06-12\files-mentioned-by-the-user-conversion\outputs\maktaba-product-images-final\01-final-shop-jpg\maktaba-product-071.jpg,C:\Users\essaa\Documents\Codex\2026-06-12\files-mentioned-by-the-user-conversion\outputs\maktaba-product-images-final\02-final-transparent-png\maktaba-product-071.png,hand_removed
maktaba-product-072,WhatsApp Image 2026-06-15 at 15.58.16.jpeg,C:\Users\essaa\Documents\Codex\2026-06-12\files-mentioned-by-the-user-conversion\outputs\maktaba-product-images-final\01-final-shop-jpg\maktaba-product-072.jpg,C:\Users\essaa\Documents\Codex\2026-06-12\files-mentioned-by-the-user-conversion\outputs\maktaba-product-images-final\02-final-transparent-png\maktaba-product-072.png,hand_removed
maktaba-product-073,WhatsApp Image 2026-06-15 at 15.58.17 (1).jpeg,C:\Users\essaa\Documents\Codex\2026-06-12\files-mentioned-by-the-user-conversion\outputs\maktaba-product-images-final\01-final-shop-jpg\maktaba-product-073.jpg,C:\Users\essaa\Documents\Codex\2026-06-12\files-mentioned-by-the-user-conversion\outputs\maktaba-product-images-final\02-final-transparent-png\maktaba-product-073.png,hand_removed
maktaba-product-074,WhatsApp Image 2026-06-15 at 15.58.17 (10).jpeg,C:\Users\essaa\Documents\Codex\2026-06-12\files-mentioned-by-the-user-conversion\outputs\maktaba-product-images-final\01-final-shop-jpg\maktaba-product-074.jpg,C:\Users\essaa\Documents\Codex\2026-06-12\files-mentioned-by-the-user-conversion\outputs\maktaba-product-images-final\02-final-transparent-png\maktaba-product-074.png,hand_removed
maktaba-product-075,WhatsApp Image 2026-06-15 at 15.58.17 (11).jpeg,C:\Users\essaa\Documents\Codex\2026-06-12\files-mentioned-by-the-user-conversion\outputs\maktaba-product-images-final\01-final-shop-jpg\maktaba-product-075.jpg,C:\Users\essaa\Documents\Codex\2026-06-12\files-mentioned-by-the-user-conversion\outputs\maktaba-product-images-final\02-final-transparent-png\maktaba-product-075.png,hand_removed
maktaba-product-076,WhatsApp Image 2026-06-15 at 15.58.17 (12).jpeg,C:\Users\essaa\Documents\Codex\2026-06-12\files-mentioned-by-the-user-conversion\outputs\maktaba-product-images-final\01-final-shop-jpg\maktaba-product-076.jpg,C:\Users\essaa\Documents\Codex\2026-06-12\files-mentioned-by-the-user-conversion\outputs\maktaba-product-images-final\02-final-transparent-png\maktaba-product-076.png,hand_removed
maktaba-product-077,WhatsApp Image 2026-06-15 at 15.58.17 (2).jpeg,C:\Users\essaa\Documents\Codex\2026-06-12\files-mentioned-by-the-user-conversion\outputs\maktaba-product-images-final\01-final-shop-jpg\maktaba-product-077.jpg,C:\Users\essaa\Documents\Codex\2026-06-12\files-mentioned-by-the-user-conversion\outputs\maktaba-product-images-final\02-final-transparent-png\maktaba-product-077.png,hand_removed
maktaba-product-078,WhatsApp Image 2026-06-15 at 15.58.17 (3).jpeg,C:\Users\essaa\Documents\Codex\2026-06-12\files-mentioned-by-the-user-conversion\outputs\maktaba-product-images-final\01-final-shop-jpg\maktaba-product-078.jpg,C:\Users\essaa\Documents\Codex\2026-06-12\files-mentioned-by-the-user-conversion\outputs\maktaba-product-images-final\02-final-transparent-png\maktaba-product-078.png,hand_removed
maktaba-product-079,WhatsApp Image 2026-06-15 at 15.58.17 (4).jpeg,C:\Users\essaa\Documents\Codex\2026-06-12\files-mentioned-by-the-user-conversion\outputs\maktaba-product-images-final\01-final-shop-jpg\maktaba-product-079.jpg,C:\Users\essaa\Documents\Codex\2026-06-12\files-mentioned-by-the-user-conversion\outputs\maktaba-product-images-final\02-final-transparent-png\maktaba-product-079.png,hand_removed
maktaba-product-080,WhatsApp Image 2026-06-15 at 15.58.17 (5).jpeg,C:\Users\essaa\Documents\Codex\2026-06-12\files-mentioned-by-the-user-conversion\outputs\maktaba-product-images-final\01-final-shop-jpg\maktaba-product-080.jpg,C:\Users\essaa\Documents\Codex\2026-06-12\files-mentioned-by-the-user-conversion\outputs\maktaba-product-images-final\02-final-transparent-png\maktaba-product-080.png,hand_removed
maktaba-product-081,WhatsApp Image 2026-06-15 at 15.58.17 (6).jpeg,C:\Users\essaa\Documents\Codex\2026-06-12\files-mentioned-by-the-user-conversion\outputs\maktaba-product-images-final\01-final-shop-jpg\maktaba-product-081.jpg,C:\Users\essaa\Documents\Codex\2026-06-12\files-mentioned-by-the-user-conversion\outputs\maktaba-product-images-final\02-final-transparent-png\maktaba-product-081.png,no_hand_removed
maktaba-product-082,WhatsApp Image 2026-06-15 at 15.58.17 (7).jpeg,C:\Users\essaa\Documents\Codex\2026-06-12\files-mentioned-by-the-user-conversion\outputs\maktaba-product-images-final\01-final-shop-jpg\maktaba-product-082.jpg,C:\Users\essaa\Documents\Codex\2026-06-12\files-mentioned-by-the-user-conversion\outputs\maktaba-product-images-final\02-final-transparent-png\maktaba-product-082.png,hand_removed
maktaba-product-083,WhatsApp Image 2026-06-15 at 15.58.17 (8).jpeg,C:\Users\essaa\Documents\Codex\2026-06-12\files-mentioned-by-the-user-conversion\outputs\maktaba-product-images-final\01-final-shop-jpg\maktaba-product-083.jpg,C:\Users\essaa\Documents\Codex\2026-06-12\files-mentioned-by-the-user-conversion\outputs\maktaba-product-images-final\02-final-transparent-png\maktaba-product-083.png,hand_removed
maktaba-product-084,WhatsApp Image 2026-06-15 at 15.58.17 (9).jpeg,C:\Users\essaa\Documents\Codex\2026-06-12\files-mentioned-by-the-user-conversion\outputs\maktaba-product-images-final\01-final-shop-jpg\maktaba-product-084.jpg,C:\Users\essaa\Documents\Codex\2026-06-12\files-mentioned-by-the-user-conversion\outputs\maktaba-product-images-final\02-final-transparent-png\maktaba-product-084.png,hand_removed
maktaba-product-085,WhatsApp Image 2026-06-15 at 15.58.17.jpeg,C:\Users\essaa\Documents\Codex\2026-06-12\files-mentioned-by-the-user-conversion\outputs\maktaba-product-images-final\01-final-shop-jpg\maktaba-product-085.jpg,C:\Users\essaa\Documents\Codex\2026-06-12\files-mentioned-by-the-user-conversion\outputs\maktaba-product-images-final\02-final-transparent-png\maktaba-product-085.png,ai_retouched_hard_case
maktaba-product-086,WhatsApp Image 2026-06-15 at 15.58.18 (1).jpeg,C:\Users\essaa\Documents\Codex\2026-06-12\files-mentioned-by-the-user-conversion\outputs\maktaba-product-images-final\01-final-shop-jpg\maktaba-product-086.jpg,C:\Users\essaa\Documents\Codex\2026-06-12\files-mentioned-by-the-user-conversion\outputs\maktaba-product-images-final\02-final-transparent-png\maktaba-product-086.png,hand_removed
maktaba-product-087,WhatsApp Image 2026-06-15 at 15.58.18 (10).jpeg,C:\Users\essaa\Documents\Codex\2026-06-12\files-mentioned-by-the-user-conversion\outputs\maktaba-product-images-final\01-final-shop-jpg\maktaba-product-087.jpg,C:\Users\essaa\Documents\Codex\2026-06-12\files-mentioned-by-the-user-conversion\outputs\maktaba-product-images-final\02-final-transparent-png\maktaba-product-087.png,hand_removed
maktaba-product-088,WhatsApp Image 2026-06-15 at 15.58.18 (2).jpeg,C:\Users\essaa\Documents\Codex\2026-06-12\files-mentioned-by-the-user-conversion\outputs\maktaba-product-images-final\01-final-shop-jpg\maktaba-product-088.jpg,C:\Users\essaa\Documents\Codex\2026-06-12\files-mentioned-by-the-user-conversion\outputs\maktaba-product-images-final\02-final-transparent-png\maktaba-product-088.png,hand_removed
maktaba-product-089,WhatsApp Image 2026-06-15 at 15.58.18 (3).jpeg,C:\Users\essaa\Documents\Codex\2026-06-12\files-mentioned-by-the-user-conversion\outputs\maktaba-product-images-final\01-final-shop-jpg\maktaba-product-089.jpg,C:\Users\essaa\Documents\Codex\2026-06-12\files-mentioned-by-the-user-conversion\outputs\maktaba-product-images-final\02-final-transparent-png\maktaba-product-089.png,no_hand_removed
maktaba-product-090,WhatsApp Image 2026-06-15 at 15.58.18 (4).jpeg,C:\Users\essaa\Documents\Codex\2026-06-12\files-mentioned-by-the-user-conversion\outputs\maktaba-product-images-final\01-final-shop-jpg\maktaba-product-090.jpg,C:\Users\essaa\Documents\Codex\2026-06-12\files-mentioned-by-the-user-conversion\outputs\maktaba-product-images-final\02-final-transparent-png\maktaba-product-090.png,hand_removed
maktaba-product-091,WhatsApp Image 2026-06-15 at 15.58.18 (5).jpeg,C:\Users\essaa\Documents\Codex\2026-06-12\files-mentioned-by-the-user-conversion\outputs\maktaba-product-images-final\01-final-shop-jpg\maktaba-product-091.jpg,C:\Users\essaa\Documents\Codex\2026-06-12\files-mentioned-by-the-user-conversion\outputs\maktaba-product-images-final\02-final-transparent-png\maktaba-product-091.png,hand_removed
maktaba-product-092,WhatsApp Image 2026-06-15 at 15.58.18 (6).jpeg,C:\Users\essaa\Documents\Codex\2026-06-12\files-mentioned-by-the-user-conversion\outputs\maktaba-product-images-final\01-final-shop-jpg\maktaba-product-092.jpg,C:\Users\essaa\Documents\Codex\2026-06-12\files-mentioned-by-the-user-conversion\outputs\maktaba-product-images-final\02-final-transparent-png\maktaba-product-092.png,hand_removed
maktaba-product-093,WhatsApp Image 2026-06-15 at 15.58.18 (7).jpeg,C:\Users\essaa\Documents\Codex\2026-06-12\files-mentioned-by-the-user-conversion\outputs\maktaba-product-images-final\01-final-shop-jpg\maktaba-product-093.jpg,C:\Users\essaa\Documents\Codex\2026-06-12\files-mentioned-by-the-user-conversion\outputs\maktaba-product-images-final\02-final-transparent-png\maktaba-product-093.png,hand_removed
maktaba-product-094,WhatsApp Image 2026-06-15 at 15.58.18 (8).jpeg,C:\Users\essaa\Documents\Codex\2026-06-12\files-mentioned-by-the-user-conversion\outputs\maktaba-product-images-final\01-final-shop-jpg\maktaba-product-094.jpg,C:\Users\essaa\Documents\Codex\2026-06-12\files-mentioned-by-the-user-conversion\outputs\maktaba-product-images-final\02-final-transparent-png\maktaba-product-094.png,hand_removed
maktaba-product-095,WhatsApp Image 2026-06-15 at 15.58.18 (9).jpeg,C:\Users\essaa\Documents\Codex\2026-06-12\files-mentioned-by-the-user-conversion\outputs\maktaba-product-images-final\01-final-shop-jpg\maktaba-product-095.jpg,C:\Users\essaa\Documents\Codex\2026-06-12\files-mentioned-by-the-user-conversion\outputs\maktaba-product-images-final\02-final-transparent-png\maktaba-product-095.png,hand_removed
maktaba-product-096,WhatsApp Image 2026-06-15 at 15.58.18.jpeg,C:\Users\essaa\Documents\Codex\2026-06-12\files-mentioned-by-the-user-conversion\outputs\maktaba-product-images-final\01-final-shop-jpg\maktaba-product-096.jpg,C:\Users\essaa\Documents\Codex\2026-06-12\files-mentioned-by-the-user-conversion\outputs\maktaba-product-images-final\02-final-transparent-png\maktaba-product-096.png,no_hand_removed
