new_id,title,source_file,source_index,public_url
hurayrah-book-001,Arabic Qur'an Edition,1775617079978-6ebex3.png,3,/product-images/maktaba/05-hurayrah-angled-jpg/hurayrah-book-001.jpg
hurayrah-book-002,Important Lessons for Every Muslim,1775841372594-bicl6u.png,4,/product-images/maktaba/05-hurayrah-angled-jpg/hurayrah-book-002.jpg
hurayrah-book-003,Three Fundamental Principles of Islam,1775894178980-74tdlr.png,5,/product-images/maktaba/05-hurayrah-angled-jpg/hurayrah-book-003.jpg
hurayrah-book-004,Characteristics of Hypocrites,1775894265802-kgycfj.png,6,/product-images/maktaba/05-hurayrah-angled-jpg/hurayrah-book-004.jpg
hurayrah-book-005,Heartfelt Advice to a Friend,1775894267675-8euzoa.png,7,/product-images/maktaba/05-hurayrah-angled-jpg/hurayrah-book-005.jpg
hurayrah-book-006,Paragons of the Qur'an,1775894268812-ldqhyi.png,8,/product-images/maktaba/05-hurayrah-angled-jpg/hurayrah-book-006.jpg
hurayrah-book-007,Inner Dimensions of the Prayer,1775894269882-87k200.png,9,/product-images/maktaba/05-hurayrah-angled-jpg/hurayrah-book-007.jpg
hurayrah-book-008,Trials and Tribulations,1775894272239-3jgj7b.png,10,/product-images/maktaba/05-hurayrah-angled-jpg/hurayrah-book-008.jpg
hurayrah-book-009,Kitab At-Tawhid,1775895541690-jmf20w.png,11,/product-images/maktaba/05-hurayrah-angled-jpg/hurayrah-book-009.jpg
hurayrah-book-010,The Disease and the Cure,1775895800993-o8hc3r.png,12,/product-images/maktaba/05-hurayrah-angled-jpg/hurayrah-book-010.jpg
hurayrah-book-011,Captured Thoughts,1775895825163-ieq8t4.png,13,/product-images/maktaba/05-hurayrah-angled-jpg/hurayrah-book-011.jpg
hurayrah-book-012,Tajweed Qur'an,1775895877886-szsnr3.png,14,/product-images/maktaba/05-hurayrah-angled-jpg/hurayrah-book-012.jpg
hurayrah-book-013,My Advice to the Women,1775895970290-atw0id.png,15,/product-images/maktaba/05-hurayrah-angled-jpg/hurayrah-book-013.jpg
hurayrah-book-014,Commentary on Kitab At-Tawheed,1775896008256-m2pxu9.png,16,/product-images/maktaba/05-hurayrah-angled-jpg/hurayrah-book-014.jpg
hurayrah-book-015,Kitab At-Tawhid,1775896038074-2qerbj.png,17,/product-images/maktaba/05-hurayrah-angled-jpg/hurayrah-book-015.jpg
hurayrah-book-016,Friends of Allah and Friends of Shaytan,1775896073911-frgupy.png,18,/product-images/maktaba/05-hurayrah-angled-jpg/hurayrah-book-016.jpg
hurayrah-book-017,Tajweed Qur'an Set,1775896857876-khg4ji.png,19,/product-images/maktaba/05-hurayrah-angled-jpg/hurayrah-book-017.jpg
hurayrah-book-018,The Noble Qur'an,1775899527882-wkvc92.png,20,/product-images/maktaba/05-hurayrah-angled-jpg/hurayrah-book-018.jpg
hurayrah-book-019,Ranks of the Divine Seekers,1776001262701-8nq4zg.png,21,/product-images/maktaba/05-hurayrah-angled-jpg/hurayrah-book-019.jpg
hurayrah-book-020,The Devil's Deceptions,1776001322089-hwprkn.png,22,/product-images/maktaba/05-hurayrah-angled-jpg/hurayrah-book-020.jpg
hurayrah-book-021,The Principle of Love and Desire,1776001351990-lx876p.png,23,/product-images/maktaba/05-hurayrah-angled-jpg/hurayrah-book-021.jpg
hurayrah-book-022,The Journey of the Strangers,1776001362122-8thevj.png,24,/product-images/maktaba/05-hurayrah-angled-jpg/hurayrah-book-022.jpg
hurayrah-book-023,The Book of Major Sins,1776001374327-t1zg7l.png,25,/product-images/maktaba/05-hurayrah-angled-jpg/hurayrah-book-023.jpg
hurayrah-book-024,The Evils of Music,1776001389486-j9082d.png,26,/product-images/maktaba/05-hurayrah-angled-jpg/hurayrah-book-024.jpg
hurayrah-book-025,Explanation to the Beautiful and Perfect Names of Allah,1776001425890-rwodzt.png,27,/product-images/maktaba/05-hurayrah-angled-jpg/hurayrah-book-025.jpg
hurayrah-book-026,Sickness: Fools and Simpletons,1776001533569-lkjnxy.png,28,/product-images/maktaba/05-hurayrah-angled-jpg/hurayrah-book-026.jpg
hurayrah-book-027,Seeds of Admonishment and Reform,1776001535392-2avrjt.png,29,/product-images/maktaba/05-hurayrah-angled-jpg/hurayrah-book-027.jpg
hurayrah-book-028,Disturber of the Hearts,1776001536168-grulgq.png,30,/product-images/maktaba/05-hurayrah-angled-jpg/hurayrah-book-028.jpg
hurayrah-book-029,Awaking from the Sleep of Heedlessness,1776001537005-ceyljr.png,31,/product-images/maktaba/05-hurayrah-angled-jpg/hurayrah-book-029.jpg
hurayrah-book-030,Sincere Counsel to the Students of Sacred Knowledge,1776001538023-9wr9ur.png,32,/product-images/maktaba/05-hurayrah-angled-jpg/hurayrah-book-030.jpg
hurayrah-book-031,Disciplining the Soul,1776001538909-gnsc7x.png,33,/product-images/maktaba/05-hurayrah-angled-jpg/hurayrah-book-031.jpg
hurayrah-book-032,At Their Feet: Piety Towards Parents,1776001898655-aonxwj.png,34,/product-images/maktaba/05-hurayrah-angled-jpg/hurayrah-book-032.jpg
hurayrah-book-033,Sickness: Fools and Simpletons,1776001899578-cm9fcm.png,35,/product-images/maktaba/05-hurayrah-angled-jpg/hurayrah-book-033.jpg
hurayrah-book-034,Seeds of Admonishment and Reform,1776001900463-aonipg.png,36,/product-images/maktaba/05-hurayrah-angled-jpg/hurayrah-book-034.jpg
hurayrah-book-035,Disturber of the Hearts,1776001901274-tm5xm0.png,37,/product-images/maktaba/05-hurayrah-angled-jpg/hurayrah-book-035.jpg
hurayrah-book-036,Awaking from the Sleep of Heedlessness,1776001901989-0a8mgt.png,38,/product-images/maktaba/05-hurayrah-angled-jpg/hurayrah-book-036.jpg
hurayrah-book-037,Kitab Al-Iman: Book of Faith,1776001919558-nnfmhi.png,39,/product-images/maktaba/05-hurayrah-angled-jpg/hurayrah-book-037.jpg
hurayrah-book-038,Kitab Al-Iman: Book of Faith,1776001929349-jzrjhc.png,40,/product-images/maktaba/05-hurayrah-angled-jpg/hurayrah-book-038.jpg
hurayrah-book-039,Historical Marvels of the Qur'an,1776001946794-uwon9d.png,41,/product-images/maktaba/05-hurayrah-angled-jpg/hurayrah-book-039.jpg
hurayrah-book-040,The Etiquette of Seeking Knowledge,1776001966707-5riykj.png,42,/product-images/maktaba/05-hurayrah-angled-jpg/hurayrah-book-040.jpg
hurayrah-book-041,The Foremost Obligatory Duties,1776001985075-sfuh9a.png,43,/product-images/maktaba/05-hurayrah-angled-jpg/hurayrah-book-041.jpg
hurayrah-book-042,Semblance of Bitter Nights in Believing Men,1776002020434-oapds6.png,44,/product-images/maktaba/05-hurayrah-angled-jpg/hurayrah-book-042.jpg
hurayrah-book-043,When the Moon Split,1776002044815-u8jla7.png,45,/product-images/maktaba/05-hurayrah-angled-jpg/hurayrah-book-043.jpg
hurayrah-book-044,Diseases of the Hearts and Their Cures,1776002107175-8mesj8.png,46,/product-images/maktaba/05-hurayrah-angled-jpg/hurayrah-book-044.jpg
hurayrah-book-045,The Sealed Nectar,1776002171162-gmxrve.png,47,/product-images/maktaba/05-hurayrah-angled-jpg/hurayrah-book-045.jpg
hurayrah-book-046,Wives of the Prophet,1776002211409-7inh7t.png,48,/product-images/maktaba/05-hurayrah-angled-jpg/hurayrah-book-046.jpg
hurayrah-book-047,Foundations of the Sunnah,1776002235343-ezhrj6.png,49,/product-images/maktaba/05-hurayrah-angled-jpg/hurayrah-book-047.jpg
hurayrah-book-048,The Dress Code for Muslim Women,1776002250255-uhv5ep.png,50,/product-images/maktaba/05-hurayrah-angled-jpg/hurayrah-book-048.jpg
hurayrah-book-049,The Zanaadiqah and Jahmiyyah,1776002278370-52yw2g.png,51,/product-images/maktaba/05-hurayrah-angled-jpg/hurayrah-book-049.jpg
hurayrah-book-050,"More than 1,000 Sunan Every Day and Night",1776002327132-kymrwr.png,52,/product-images/maktaba/05-hurayrah-angled-jpg/hurayrah-book-050.jpg
hurayrah-book-051,Summarized Sahih Muslim Volume 1,1776002348073-eoqhvi.png,53,/product-images/maktaba/05-hurayrah-angled-jpg/hurayrah-book-051.jpg
hurayrah-book-052,Arabic Islamic Creed Book,1776002374805-gl0u7j.png,54,/product-images/maktaba/05-hurayrah-angled-jpg/hurayrah-book-052.jpg
hurayrah-book-053,Removal of Doubts,1776002453586-bvml0s.png,55,/product-images/maktaba/05-hurayrah-angled-jpg/hurayrah-book-053.jpg
hurayrah-book-054,20 Pieces of Advice to My Sister Before Marriage,1776002534064-dxebut.png,56,/product-images/maktaba/05-hurayrah-angled-jpg/hurayrah-book-054.jpg
hurayrah-book-055,The Marriage Guide,1776002563531-t3lt5y.png,57,/product-images/maktaba/05-hurayrah-angled-jpg/hurayrah-book-055.jpg
hurayrah-book-056,Great Women of Islam,1776002592178-kedb59.png,58,/product-images/maktaba/05-hurayrah-angled-jpg/hurayrah-book-056.jpg
hurayrah-book-057,Riyad-us-Saliheen,1776002656169-dupwgt.png,59,/product-images/maktaba/05-hurayrah-angled-jpg/hurayrah-book-057.jpg
hurayrah-book-058,Urdu Women's Book,1776002700678-rycduy.png,60,/product-images/maktaba/05-hurayrah-angled-jpg/hurayrah-book-058.jpg
hurayrah-book-059,Rising as a Family,1776002757662-ofn2ft.png,61,/product-images/maktaba/05-hurayrah-angled-jpg/hurayrah-book-059.jpg
hurayrah-book-060,The Relief from Distress,1776002774385-gwyoy6.png,62,/product-images/maktaba/05-hurayrah-angled-jpg/hurayrah-book-060.jpg
hurayrah-book-061,Ibn Taymiyyah Expounds on Islam,1776002793989-3csxic.png,63,/product-images/maktaba/05-hurayrah-angled-jpg/hurayrah-book-061.jpg
hurayrah-book-062,Remembrance of the Most Merciful,1776002866807-5xlvps.png,64,/product-images/maktaba/05-hurayrah-angled-jpg/hurayrah-book-062.jpg
hurayrah-book-063,Golden Supplications for Children,1776003629514-fcgzco.png,65,/product-images/maktaba/05-hurayrah-angled-jpg/hurayrah-book-063.jpg
hurayrah-book-064,Rizo: Lawful Earnings,1776003650372-f15b5b.png,66,/product-images/maktaba/05-hurayrah-angled-jpg/hurayrah-book-064.jpg
hurayrah-book-065,Life After Death and the Unseen,1776003671634-zeczd8.png,67,/product-images/maktaba/05-hurayrah-angled-jpg/hurayrah-book-065.jpg
hurayrah-book-066,The Islamic Awakening,1776070776778-8yvsyc.png,68,/product-images/maktaba/05-hurayrah-angled-jpg/hurayrah-book-066.jpg
hurayrah-book-067,The Sublime Beauty of the Prophet,1776070815990-ku4rz5.png,69,/product-images/maktaba/05-hurayrah-angled-jpg/hurayrah-book-067.jpg
hurayrah-book-068,Rulings Pertaining to Muslim Women,1776071081975-kuo0hz.png,70,/product-images/maktaba/05-hurayrah-angled-jpg/hurayrah-book-068.jpg
hurayrah-book-069,In Defence of True Faith,1776173808998-va9se4.png,71,/product-images/maktaba/05-hurayrah-angled-jpg/hurayrah-book-069.jpg
hurayrah-book-070,How to Escape Sins,1776173834716-f25wr0.png,72,/product-images/maktaba/05-hurayrah-angled-jpg/hurayrah-book-070.jpg
hurayrah-book-071,"Questions Related to Jinn, Magic and Conjuring",1776682871129-aa6wq0.png,73,/product-images/maktaba/05-hurayrah-angled-jpg/hurayrah-book-071.jpg
hurayrah-book-072,Arabic Riyad-us-Saliheen,1776682908964-elssz0.png,74,/product-images/maktaba/05-hurayrah-angled-jpg/hurayrah-book-072.jpg
hurayrah-book-073,Abodes of Happiness,1776682955069-byzklv.png,75,/product-images/maktaba/05-hurayrah-angled-jpg/hurayrah-book-073.jpg
hurayrah-book-074,Urdu Women's Islamic Book,1776683013881-syg2lk.png,76,/product-images/maktaba/05-hurayrah-angled-jpg/hurayrah-book-074.jpg
hurayrah-book-075,Sifto Sala-tin-Nabi,1776683033550-i1w55s.png,77,/product-images/maktaba/05-hurayrah-angled-jpg/hurayrah-book-075.jpg
hurayrah-book-076,Urdu Qur'an Commentary,1776683124393-301o21.png,78,/product-images/maktaba/05-hurayrah-angled-jpg/hurayrah-book-076.jpg
hurayrah-book-077,Qasas al-Anbiya,1776683168296-dphazs.png,79,/product-images/maktaba/05-hurayrah-angled-jpg/hurayrah-book-077.jpg
hurayrah-book-078,Sharh Al-Aqeedah Al-Wasitiyah,1776683193914-qxr487.png,80,/product-images/maktaba/05-hurayrah-angled-jpg/hurayrah-book-078.jpg
hurayrah-book-079,Guide to Sound Creed,1776683229923-rlrkg0.png,81,/product-images/maktaba/05-hurayrah-angled-jpg/hurayrah-book-079.jpg
hurayrah-book-080,Al-Adab Al-Mufrad,1776683259603-6pvsxm.png,82,/product-images/maktaba/05-hurayrah-angled-jpg/hurayrah-book-080.jpg
hurayrah-book-081,Arabic Course for English Speaking Students 1,1776683474504-kd3ap9.png,83,/product-images/maktaba/05-hurayrah-angled-jpg/hurayrah-book-081.jpg
hurayrah-book-082,Hurayrah item 94,1777529557681-591wws.png,94,/product-images/maktaba/05-hurayrah-angled-jpg/hurayrah-book-082.jpg
hurayrah-book-083,Hurayrah item 95,1777532859453-f9ifhc.png,95,/product-images/maktaba/05-hurayrah-angled-jpg/hurayrah-book-083.jpg
hurayrah-book-084,Hurayrah item 96,1777533125092-b1miln.png,96,/product-images/maktaba/05-hurayrah-angled-jpg/hurayrah-book-084.jpg
hurayrah-book-085,Hurayrah item 97,1777533211186-k8ltse.png,97,/product-images/maktaba/05-hurayrah-angled-jpg/hurayrah-book-085.jpg
hurayrah-book-086,Hurayrah item 98,1777533329511-9idlgl.png,98,/product-images/maktaba/05-hurayrah-angled-jpg/hurayrah-book-086.jpg
hurayrah-book-087,Hurayrah item 99,1777549313078-eb8s3r.png,99,/product-images/maktaba/05-hurayrah-angled-jpg/hurayrah-book-087.jpg
hurayrah-book-088,Hurayrah item 100,1777549596883-tcl44i.png,100,/product-images/maktaba/05-hurayrah-angled-jpg/hurayrah-book-088.jpg
hurayrah-book-089,Hurayrah item 101,1777549854890-imdqy3.png,101,/product-images/maktaba/05-hurayrah-angled-jpg/hurayrah-book-089.jpg
hurayrah-book-090,Hurayrah item 102,1777549898175-awsbff.png,102,/product-images/maktaba/05-hurayrah-angled-jpg/hurayrah-book-090.jpg
hurayrah-book-091,Hurayrah item 103,1777550032408-cblef2.png,103,/product-images/maktaba/05-hurayrah-angled-jpg/hurayrah-book-091.jpg
hurayrah-book-092,Hurayrah item 104,1777550113811-b9i5jn.png,104,/product-images/maktaba/05-hurayrah-angled-jpg/hurayrah-book-092.jpg
hurayrah-book-093,Hurayrah item 105,1777550256956-c5m7wj.png,105,/product-images/maktaba/05-hurayrah-angled-jpg/hurayrah-book-093.jpg
hurayrah-book-094,Hurayrah item 106,1777550381734-1rn78x.png,106,/product-images/maktaba/05-hurayrah-angled-jpg/hurayrah-book-094.jpg
hurayrah-book-095,Hurayrah item 107,1777550501101-7w1l3d.png,107,/product-images/maktaba/05-hurayrah-angled-jpg/hurayrah-book-095.jpg
hurayrah-book-096,Hurayrah item 108,1777553343229-syz6n7.png,108,/product-images/maktaba/05-hurayrah-angled-jpg/hurayrah-book-096.jpg
hurayrah-book-097,Hurayrah item 109,1777610753490-q2n4vv.png,109,/product-images/maktaba/05-hurayrah-angled-jpg/hurayrah-book-097.jpg
hurayrah-book-098,Hurayrah item 110,1777610879485-i7lye3.png,110,/product-images/maktaba/05-hurayrah-angled-jpg/hurayrah-book-098.jpg
hurayrah-book-099,Hurayrah item 111,1777611063746-ikxqk4.png,111,/product-images/maktaba/05-hurayrah-angled-jpg/hurayrah-book-099.jpg
hurayrah-book-100,Hurayrah item 112,1777611201693-7w4bq4.png,112,/product-images/maktaba/05-hurayrah-angled-jpg/hurayrah-book-100.jpg
hurayrah-book-101,Hurayrah item 113,1777611265633-uznywz.png,113,/product-images/maktaba/05-hurayrah-angled-jpg/hurayrah-book-101.jpg
hurayrah-book-102,Hurayrah item 114,1777611284304-6fi0xt.png,114,/product-images/maktaba/05-hurayrah-angled-jpg/hurayrah-book-102.jpg
hurayrah-book-103,Hurayrah item 115,1777611403963-rrh9ud.png,115,/product-images/maktaba/05-hurayrah-angled-jpg/hurayrah-book-103.jpg
hurayrah-book-104,Hurayrah item 116,1777611428756-82v5if.png,116,/product-images/maktaba/05-hurayrah-angled-jpg/hurayrah-book-104.jpg
hurayrah-book-105,Hurayrah item 117,1777611565155-kz0s3z.png,117,/product-images/maktaba/05-hurayrah-angled-jpg/hurayrah-book-105.jpg
hurayrah-book-106,Hurayrah item 118,1777611666608-qquvif.png,118,/product-images/maktaba/05-hurayrah-angled-jpg/hurayrah-book-106.jpg
hurayrah-book-107,Hurayrah item 119,1777611877246-oasb85.png,119,/product-images/maktaba/05-hurayrah-angled-jpg/hurayrah-book-107.jpg
hurayrah-book-108,Hurayrah item 120,1777612049772-hds8b4.png,120,/product-images/maktaba/05-hurayrah-angled-jpg/hurayrah-book-108.jpg
hurayrah-book-109,Hurayrah item 121,1777612519613-icyqu7.png,121,/product-images/maktaba/05-hurayrah-angled-jpg/hurayrah-book-109.jpg
hurayrah-book-110,Hurayrah item 122,1777612710016-dq4r11.png,122,/product-images/maktaba/05-hurayrah-angled-jpg/hurayrah-book-110.jpg
hurayrah-book-111,Hurayrah item 123,1777612842262-yzmjp2.png,123,/product-images/maktaba/05-hurayrah-angled-jpg/hurayrah-book-111.jpg
hurayrah-book-112,Hurayrah item 124,1777613005703-zxse3j.png,124,/product-images/maktaba/05-hurayrah-angled-jpg/hurayrah-book-112.jpg
hurayrah-book-113,Hurayrah item 125,1777630273063-d9d2t1.png,125,/product-images/maktaba/05-hurayrah-angled-jpg/hurayrah-book-113.jpg
hurayrah-book-114,Hurayrah item 126,1777630360176-lix0ih.png,126,/product-images/maktaba/05-hurayrah-angled-jpg/hurayrah-book-114.jpg
hurayrah-book-115,Hurayrah item 127,1777630453000-xitvqq.png,127,/product-images/maktaba/05-hurayrah-angled-jpg/hurayrah-book-115.jpg
hurayrah-book-116,Hurayrah item 128,1777630804447-l581y9.png,128,/product-images/maktaba/05-hurayrah-angled-jpg/hurayrah-book-116.jpg
hurayrah-book-117,Hurayrah item 129,1777630978827-t23kji.png,129,/product-images/maktaba/05-hurayrah-angled-jpg/hurayrah-book-117.jpg
hurayrah-book-118,Hurayrah item 130,1777632049350-4pumgr.png,130,/product-images/maktaba/05-hurayrah-angled-jpg/hurayrah-book-118.jpg
hurayrah-book-119,Hurayrah item 131,1777632126516-owzxxw.png,131,/product-images/maktaba/05-hurayrah-angled-jpg/hurayrah-book-119.jpg
hurayrah-book-120,Hurayrah item 132,1777632351380-gfy0j1.png,132,/product-images/maktaba/05-hurayrah-angled-jpg/hurayrah-book-120.jpg
hurayrah-book-121,Hurayrah item 133,1777632393816-behrxu.png,133,/product-images/maktaba/05-hurayrah-angled-jpg/hurayrah-book-121.jpg
hurayrah-book-122,Hurayrah item 134,1777637857501-izv0ep.png,134,/product-images/maktaba/05-hurayrah-angled-jpg/hurayrah-book-122.jpg
hurayrah-book-123,Hurayrah item 135,1777637882718-ng8rpa.png,135,/product-images/maktaba/05-hurayrah-angled-jpg/hurayrah-book-123.jpg
hurayrah-book-124,Hurayrah item 136,1777638078386-wpn7i4.png,136,/product-images/maktaba/05-hurayrah-angled-jpg/hurayrah-book-124.jpg
hurayrah-book-125,Hurayrah item 137,1777638840952-59luc6.png,137,/product-images/maktaba/05-hurayrah-angled-jpg/hurayrah-book-125.jpg
hurayrah-book-126,Hurayrah item 138,1777651495715-v9rjzu.png,138,/product-images/maktaba/05-hurayrah-angled-jpg/hurayrah-book-126.jpg
hurayrah-book-127,Hurayrah item 139,1777651665822-oo00yo.png,139,/product-images/maktaba/05-hurayrah-angled-jpg/hurayrah-book-127.jpg
hurayrah-book-128,Hurayrah item 140,1777802191634-rcgl0w.png,140,/product-images/maktaba/05-hurayrah-angled-jpg/hurayrah-book-128.jpg
hurayrah-book-129,Hurayrah item 141,1777802342034-5hct78.png,141,/product-images/maktaba/05-hurayrah-angled-jpg/hurayrah-book-129.jpg
hurayrah-book-130,Hurayrah item 142,1777802905436-pruver.png,142,/product-images/maktaba/05-hurayrah-angled-jpg/hurayrah-book-130.jpg
hurayrah-book-131,Hurayrah item 143,1777803058108-a8rzsp.png,143,/product-images/maktaba/05-hurayrah-angled-jpg/hurayrah-book-131.jpg
hurayrah-book-132,Hurayrah item 144,1777803145414-al4rge.png,144,/product-images/maktaba/05-hurayrah-angled-jpg/hurayrah-book-132.jpg
hurayrah-book-133,Hurayrah item 145,1777803252697-7v1tl2.png,145,/product-images/maktaba/05-hurayrah-angled-jpg/hurayrah-book-133.jpg
