new_id,source,source_note,public_url
maktaba-product-001,D:\Conversion Shop Builder maktaba muhammadiya\public\product-images\maktaba\04-polished-safe-jpg\maktaba-product-001.jpg,maktaba-source,/product-images/maktaba/06-professional-staged-jpg/maktaba-product-001.jpg
maktaba-product-002,D:\Conversion Shop Builder maktaba muhammadiya\public\product-images\maktaba\04-polished-safe-jpg\maktaba-product-002.jpg,maktaba-source,/product-images/maktaba/06-professional-staged-jpg/maktaba-product-002.jpg
maktaba-product-003,D:\Conversion Shop Builder maktaba muhammadiya\public\product-images\maktaba\04-polished-safe-jpg\maktaba-product-003.jpg,maktaba-source,/product-images/maktaba/06-professional-staged-jpg/maktaba-product-003.jpg
maktaba-product-004,D:\Conversion Shop Builder maktaba muhammadiya\public\product-images\maktaba\04-polished-safe-jpg\maktaba-product-004.jpg,maktaba-source,/product-images/maktaba/06-professional-staged-jpg/maktaba-product-004.jpg
maktaba-product-005,D:\Conversion Shop Builder maktaba muhammadiya\public\product-images\maktaba\04-polished-safe-jpg\maktaba-product-005.jpg,maktaba-source,/product-images/maktaba/06-professional-staged-jpg/maktaba-product-005.jpg
maktaba-product-006,D:\DOWNLOADS\Hurayah-Essentials-latestVersionWithConvex-main\Hurayah-Essentials-latestVersionWithConvex-main\frontend\public\photoroom\1776002563531-t3lt5y.png,hurayrah-clean:The Marriage Guide,/product-images/maktaba/06-professional-staged-jpg/maktaba-product-006.jpg
maktaba-product-007,D:\Conversion Shop Builder maktaba muhammadiya\public\product-images\maktaba\04-polished-safe-jpg\maktaba-product-007.jpg,maktaba-source,/product-images/maktaba/06-professional-staged-jpg/maktaba-product-007.jpg
maktaba-product-008,D:\Conversion Shop Builder maktaba muhammadiya\public\product-images\maktaba\04-polished-safe-jpg\maktaba-product-008.jpg,maktaba-source,/product-images/maktaba/06-professional-staged-jpg/maktaba-product-008.jpg
maktaba-product-009,D:\Conversion Shop Builder maktaba muhammadiya\public\product-images\maktaba\04-polished-safe-jpg\maktaba-product-009.jpg,maktaba-source,/product-images/maktaba/06-professional-staged-jpg/maktaba-product-009.jpg
maktaba-product-010,D:\Conversion Shop Builder maktaba muhammadiya\public\product-images\maktaba\04-polished-safe-jpg\maktaba-product-010.jpg,maktaba-source,/product-images/maktaba/06-professional-staged-jpg/maktaba-product-010.jpg
maktaba-product-011,D:\Conversion Shop Builder maktaba muhammadiya\public\product-images\maktaba\04-polished-safe-jpg\maktaba-product-011.jpg,maktaba-source,/product-images/maktaba/06-professional-staged-jpg/maktaba-product-011.jpg
maktaba-product-012,D:\Conversion Shop Builder maktaba muhammadiya\public\product-images\maktaba\04-polished-safe-jpg\maktaba-product-012.jpg,maktaba-source,/product-images/maktaba/06-professional-staged-jpg/maktaba-product-012.jpg
maktaba-product-013,D:\Conversion Shop Builder maktaba muhammadiya\public\product-images\maktaba\04-polished-safe-jpg\maktaba-product-013.jpg,maktaba-source,/product-images/maktaba/06-professional-staged-jpg/maktaba-product-013.jpg
maktaba-product-014,D:\Conversion Shop Builder maktaba muhammadiya\public\product-images\maktaba\04-polished-safe-jpg\maktaba-product-014.jpg,maktaba-source,/product-images/maktaba/06-professional-staged-jpg/maktaba-product-014.jpg
maktaba-product-015,D:\Conversion Shop Builder maktaba muhammadiya\public\product-images\maktaba\04-polished-safe-jpg\maktaba-product-015.jpg,maktaba-source,/product-images/maktaba/06-professional-staged-jpg/maktaba-product-015.jpg
maktaba-product-016,D:\Conversion Shop Builder maktaba muhammadiya\public\product-images\maktaba\04-polished-safe-jpg\maktaba-product-016.jpg,maktaba-source,/product-images/maktaba/06-professional-staged-jpg/maktaba-product-016.jpg
maktaba-product-017,D:\Conversion Shop Builder maktaba muhammadiya\public\product-images\maktaba\04-polished-safe-jpg\maktaba-product-017.jpg,maktaba-source,/product-images/maktaba/06-professional-staged-jpg/maktaba-product-017.jpg
maktaba-product-018,D:\Conversion Shop Builder maktaba muhammadiya\public\product-images\maktaba\04-polished-safe-jpg\maktaba-product-018.jpg,maktaba-source,/product-images/maktaba/06-professional-staged-jpg/maktaba-product-018.jpg
maktaba-product-019,D:\Conversion Shop Builder maktaba muhammadiya\public\product-images\maktaba\04-polished-safe-jpg\maktaba-product-019.jpg,maktaba-source,/product-images/maktaba/06-professional-staged-jpg/maktaba-product-019.jpg
maktaba-product-020,D:\Conversion Shop Builder maktaba muhammadiya\public\product-images\maktaba\04-polished-safe-jpg\maktaba-product-020.jpg,maktaba-source,/product-images/maktaba/06-professional-staged-jpg/maktaba-product-020.jpg
maktaba-product-021,D:\Conversion Shop Builder maktaba muhammadiya\public\product-images\maktaba\04-polished-safe-jpg\maktaba-product-021.jpg,maktaba-source,/product-images/maktaba/06-professional-staged-jpg/maktaba-product-021.jpg
maktaba-product-022,D:\Conversion Shop Builder maktaba muhammadiya\public\product-images\maktaba\04-polished-safe-jpg\maktaba-product-022.jpg,maktaba-source,/product-images/maktaba/06-professional-staged-jpg/maktaba-product-022.jpg
maktaba-product-023,D:\DOWNLOADS\Hurayah-Essentials-latestVersionWithConvex-main\Hurayah-Essentials-latestVersionWithConvex-main\frontend\public\photoroom\1776001389486-j9082d.png,hurayrah-clean:The Evils of Music,/product-images/maktaba/06-professional-staged-jpg/maktaba-product-023.jpg
maktaba-product-024,D:\Conversion Shop Builder maktaba muhammadiya\public\product-images\maktaba\04-polished-safe-jpg\maktaba-product-024.jpg,maktaba-source,/product-images/maktaba/06-professional-staged-jpg/maktaba-product-024.jpg
maktaba-product-025,D:\Conversion Shop Builder maktaba muhammadiya\public\product-images\maktaba\04-polished-safe-jpg\maktaba-product-025.jpg,maktaba-source,/product-images/maktaba/06-professional-staged-jpg/maktaba-product-025.jpg
maktaba-product-026,D:\Conversion Shop Builder maktaba muhammadiya\public\product-images\maktaba\04-polished-safe-jpg\maktaba-product-026.jpg,maktaba-source,/product-images/maktaba/06-professional-staged-jpg/maktaba-product-026.jpg
maktaba-product-027,D:\Conversion Shop Builder maktaba muhammadiya\public\product-images\maktaba\04-polished-safe-jpg\maktaba-product-027.jpg,maktaba-source,/product-images/maktaba/06-professional-staged-jpg/maktaba-product-027.jpg
maktaba-product-028,D:\Conversion Shop Builder maktaba muhammadiya\public\product-images\maktaba\04-polished-safe-jpg\maktaba-product-028.jpg,maktaba-source,/product-images/maktaba/06-professional-staged-jpg/maktaba-product-028.jpg
maktaba-product-029,D:\Conversion Shop Builder maktaba muhammadiya\public\product-images\maktaba\04-polished-safe-jpg\maktaba-product-029.jpg,maktaba-source,/product-images/maktaba/06-professional-staged-jpg/maktaba-product-029.jpg
maktaba-product-030,D:\Conversion Shop Builder maktaba muhammadiya\public\product-images\maktaba\04-polished-safe-jpg\maktaba-product-030.jpg,maktaba-source,/product-images/maktaba/06-professional-staged-jpg/maktaba-product-030.jpg
maktaba-product-031,D:\Conversion Shop Builder maktaba muhammadiya\public\product-images\maktaba\04-polished-safe-jpg\maktaba-product-031.jpg,maktaba-source,/product-images/maktaba/06-professional-staged-jpg/maktaba-product-031.jpg
maktaba-product-032,D:\Conversion Shop Builder maktaba muhammadiya\public\product-images\maktaba\04-polished-safe-jpg\maktaba-product-032.jpg,maktaba-source,/product-images/maktaba/06-professional-staged-jpg/maktaba-product-032.jpg
maktaba-product-033,D:\Conversion Shop Builder maktaba muhammadiya\public\product-images\maktaba\04-polished-safe-jpg\maktaba-product-033.jpg,maktaba-source,/product-images/maktaba/06-professional-staged-jpg/maktaba-product-033.jpg
maktaba-product-034,D:\Conversion Shop Builder maktaba muhammadiya\public\product-images\maktaba\04-polished-safe-jpg\maktaba-product-034.jpg,maktaba-source,/product-images/maktaba/06-professional-staged-jpg/maktaba-product-034.jpg
maktaba-product-035,D:\Conversion Shop Builder maktaba muhammadiya\public\product-images\maktaba\04-polished-safe-jpg\maktaba-product-035.jpg,maktaba-source,/product-images/maktaba/06-professional-staged-jpg/maktaba-product-035.jpg
maktaba-product-036,D:\Conversion Shop Builder maktaba muhammadiya\public\product-images\maktaba\04-polished-safe-jpg\maktaba-product-036.jpg,maktaba-source,/product-images/maktaba/06-professional-staged-jpg/maktaba-product-036.jpg
maktaba-product-037,D:\Conversion Shop Builder maktaba muhammadiya\public\product-images\maktaba\04-polished-safe-jpg\maktaba-product-037.jpg,maktaba-source,/product-images/maktaba/06-professional-staged-jpg/maktaba-product-037.jpg
maktaba-product-038,D:\Conversion Shop Builder maktaba muhammadiya\public\product-images\maktaba\04-polished-safe-jpg\maktaba-product-038.jpg,maktaba-source,/product-images/maktaba/06-professional-staged-jpg/maktaba-product-038.jpg
maktaba-product-039,D:\Conversion Shop Builder maktaba muhammadiya\public\product-images\maktaba\04-polished-safe-jpg\maktaba-product-039.jpg,maktaba-source,/product-images/maktaba/06-professional-staged-jpg/maktaba-product-039.jpg
maktaba-product-040,D:\Conversion Shop Builder maktaba muhammadiya\public\product-images\maktaba\04-polished-safe-jpg\maktaba-product-040.jpg,maktaba-source,/product-images/maktaba/06-professional-staged-jpg/maktaba-product-040.jpg
maktaba-product-041,D:\Conversion Shop Builder maktaba muhammadiya\public\product-images\maktaba\04-polished-safe-jpg\maktaba-product-041.jpg,maktaba-source,/product-images/maktaba/06-professional-staged-jpg/maktaba-product-041.jpg
maktaba-product-042,D:\Conversion Shop Builder maktaba muhammadiya\public\product-images\maktaba\04-polished-safe-jpg\maktaba-product-042.jpg,maktaba-source,/product-images/maktaba/06-professional-staged-jpg/maktaba-product-042.jpg
maktaba-product-043,D:\Conversion Shop Builder maktaba muhammadiya\public\product-images\maktaba\04-polished-safe-jpg\maktaba-product-043.jpg,maktaba-source,/product-images/maktaba/06-professional-staged-jpg/maktaba-product-043.jpg
maktaba-product-044,D:\DOWNLOADS\Hurayah-Essentials-latestVersionWithConvex-main\Hurayah-Essentials-latestVersionWithConvex-main\frontend\public\photoroom\1776001899578-cm9fcm.png,hurayrah-clean:Sickness: Fools and Simpletons,/product-images/maktaba/06-professional-staged-jpg/maktaba-product-044.jpg
maktaba-product-045,D:\Conversion Shop Builder maktaba muhammadiya\public\product-images\maktaba\04-polished-safe-jpg\maktaba-product-045.jpg,maktaba-source,/product-images/maktaba/06-professional-staged-jpg/maktaba-product-045.jpg
maktaba-product-046,D:\Conversion Shop Builder maktaba muhammadiya\public\product-images\maktaba\04-polished-safe-jpg\maktaba-product-046.jpg,maktaba-source,/product-images/maktaba/06-professional-staged-jpg/maktaba-product-046.jpg
maktaba-product-047,D:\Conversion Shop Builder maktaba muhammadiya\public\product-images\maktaba\04-polished-safe-jpg\maktaba-product-047.jpg,maktaba-source,/product-images/maktaba/06-professional-staged-jpg/maktaba-product-047.jpg
maktaba-product-048,D:\Conversion Shop Builder maktaba muhammadiya\public\product-images\maktaba\04-polished-safe-jpg\maktaba-product-048.jpg,maktaba-source,/product-images/maktaba/06-professional-staged-jpg/maktaba-product-048.jpg
maktaba-product-049,D:\Conversion Shop Builder maktaba muhammadiya\public\product-images\maktaba\04-polished-safe-jpg\maktaba-product-049.jpg,maktaba-source,/product-images/maktaba/06-professional-staged-jpg/maktaba-product-049.jpg
maktaba-product-050,D:\DOWNLOADS\Hurayah-Essentials-latestVersionWithConvex-main\Hurayah-Essentials-latestVersionWithConvex-main\frontend\public\photoroom\1776002327132-kymrwr.png,"hurayrah-clean:More than 1,000 Sunan Every Day and Night",/product-images/maktaba/06-professional-staged-jpg/maktaba-product-050.jpg
maktaba-product-051,D:\Conversion Shop Builder maktaba muhammadiya\public\product-images\maktaba\04-polished-safe-jpg\maktaba-product-051.jpg,maktaba-source,/product-images/maktaba/06-professional-staged-jpg/maktaba-product-051.jpg
maktaba-product-052,D:\Conversion Shop Builder maktaba muhammadiya\public\product-images\maktaba\04-polished-safe-jpg\maktaba-product-052.jpg,maktaba-source,/product-images/maktaba/06-professional-staged-jpg/maktaba-product-052.jpg
maktaba-product-053,D:\Conversion Shop Builder maktaba muhammadiya\public\product-images\maktaba\04-polished-safe-jpg\maktaba-product-053.jpg,maktaba-source,/product-images/maktaba/06-professional-staged-jpg/maktaba-product-053.jpg
maktaba-product-054,D:\Conversion Shop Builder maktaba muhammadiya\public\product-images\maktaba\04-polished-safe-jpg\maktaba-product-054.jpg,maktaba-source,/product-images/maktaba/06-professional-staged-jpg/maktaba-product-054.jpg
maktaba-product-055,D:\Conversion Shop Builder maktaba muhammadiya\public\product-images\maktaba\04-polished-safe-jpg\maktaba-product-055.jpg,maktaba-source,/product-images/maktaba/06-professional-staged-jpg/maktaba-product-055.jpg
maktaba-product-056,D:\Conversion Shop Builder maktaba muhammadiya\public\product-images\maktaba\04-polished-safe-jpg\maktaba-product-056.jpg,maktaba-source,/product-images/maktaba/06-professional-staged-jpg/maktaba-product-056.jpg
maktaba-product-057,D:\Conversion Shop Builder maktaba muhammadiya\public\product-images\maktaba\04-polished-safe-jpg\maktaba-product-057.jpg,maktaba-source,/product-images/maktaba/06-professional-staged-jpg/maktaba-product-057.jpg
maktaba-product-058,D:\Conversion Shop Builder maktaba muhammadiya\public\product-images\maktaba\04-polished-safe-jpg\maktaba-product-058.jpg,maktaba-source,/product-images/maktaba/06-professional-staged-jpg/maktaba-product-058.jpg
maktaba-product-059,D:\Conversion Shop Builder maktaba muhammadiya\public\product-images\maktaba\04-polished-safe-jpg\maktaba-product-059.jpg,maktaba-source,/product-images/maktaba/06-professional-staged-jpg/maktaba-product-059.jpg
maktaba-product-060,D:\Conversion Shop Builder maktaba muhammadiya\public\product-images\maktaba\04-polished-safe-jpg\maktaba-product-060.jpg,maktaba-source,/product-images/maktaba/06-professional-staged-jpg/maktaba-product-060.jpg
maktaba-product-061,D:\Conversion Shop Builder maktaba muhammadiya\public\product-images\maktaba\04-polished-safe-jpg\maktaba-product-061.jpg,maktaba-source,/product-images/maktaba/06-professional-staged-jpg/maktaba-product-061.jpg
maktaba-product-062,D:\Conversion Shop Builder maktaba muhammadiya\public\product-images\maktaba\04-polished-safe-jpg\maktaba-product-062.jpg,maktaba-source,/product-images/maktaba/06-professional-staged-jpg/maktaba-product-062.jpg
maktaba-product-063,D:\DOWNLOADS\Hurayah-Essentials-latestVersionWithConvex-main\Hurayah-Essentials-latestVersionWithConvex-main\frontend\public\photoroom\1776002534064-dxebut.png,hurayrah-clean:20 Pieces of Advice to My Sister Before Marriage,/product-images/maktaba/06-professional-staged-jpg/maktaba-product-063.jpg
maktaba-product-064,D:\Conversion Shop Builder maktaba muhammadiya\public\product-images\maktaba\04-polished-safe-jpg\maktaba-product-064.jpg,maktaba-source,/product-images/maktaba/06-professional-staged-jpg/maktaba-product-064.jpg
maktaba-product-065,D:\Conversion Shop Builder maktaba muhammadiya\public\product-images\maktaba\04-polished-safe-jpg\maktaba-product-065.jpg,maktaba-source,/product-images/maktaba/06-professional-staged-jpg/maktaba-product-065.jpg
maktaba-product-066,D:\Conversion Shop Builder maktaba muhammadiya\public\product-images\maktaba\04-polished-safe-jpg\maktaba-product-066.jpg,maktaba-source,/product-images/maktaba/06-professional-staged-jpg/maktaba-product-066.jpg
maktaba-product-067,D:\Conversion Shop Builder maktaba muhammadiya\public\product-images\maktaba\04-polished-safe-jpg\maktaba-product-067.jpg,maktaba-source,/product-images/maktaba/06-professional-staged-jpg/maktaba-product-067.jpg
maktaba-product-068,D:\Conversion Shop Builder maktaba muhammadiya\public\product-images\maktaba\04-polished-safe-jpg\maktaba-product-068.jpg,maktaba-source,/product-images/maktaba/06-professional-staged-jpg/maktaba-product-068.jpg
maktaba-product-069,D:\Conversion Shop Builder maktaba muhammadiya\public\product-images\maktaba\04-polished-safe-jpg\maktaba-product-069.jpg,maktaba-source,/product-images/maktaba/06-professional-staged-jpg/maktaba-product-069.jpg
maktaba-product-070,D:\Conversion Shop Builder maktaba muhammadiya\public\product-images\maktaba\04-polished-safe-jpg\maktaba-product-070.jpg,maktaba-source,/product-images/maktaba/06-professional-staged-jpg/maktaba-product-070.jpg
maktaba-product-071,D:\Conversion Shop Builder maktaba muhammadiya\public\product-images\maktaba\04-polished-safe-jpg\maktaba-product-071.jpg,maktaba-source,/product-images/maktaba/06-professional-staged-jpg/maktaba-product-071.jpg
maktaba-product-072,D:\DOWNLOADS\Hurayah-Essentials-latestVersionWithConvex-main\Hurayah-Essentials-latestVersionWithConvex-main\frontend\public\photoroom\1776002757662-ofn2ft.png,hurayrah-clean:Rising as a Family,/product-images/maktaba/06-professional-staged-jpg/maktaba-product-072.jpg
maktaba-product-073,D:\Conversion Shop Builder maktaba muhammadiya\public\product-images\maktaba\04-polished-safe-jpg\maktaba-product-073.jpg,maktaba-source,/product-images/maktaba/06-professional-staged-jpg/maktaba-product-073.jpg
maktaba-product-074,D:\Conversion Shop Builder maktaba muhammadiya\public\product-images\maktaba\04-polished-safe-jpg\maktaba-product-074.jpg,maktaba-source,/product-images/maktaba/06-professional-staged-jpg/maktaba-product-074.jpg
maktaba-product-075,D:\DOWNLOADS\Hurayah-Essentials-latestVersionWithConvex-main\Hurayah-Essentials-latestVersionWithConvex-main\frontend\public\photoroom\1776070776778-8yvsyc.png,hurayrah-clean:The Islamic Awakening,/product-images/maktaba/06-professional-staged-jpg/maktaba-product-075.jpg
maktaba-product-076,D:\Conversion Shop Builder maktaba muhammadiya\public\product-images\maktaba\04-polished-safe-jpg\maktaba-product-076.jpg,maktaba-source,/product-images/maktaba/06-professional-staged-jpg/maktaba-product-076.jpg
maktaba-product-077,D:\Conversion Shop Builder maktaba muhammadiya\public\product-images\maktaba\04-polished-safe-jpg\maktaba-product-077.jpg,maktaba-source,/product-images/maktaba/06-professional-staged-jpg/maktaba-product-077.jpg
maktaba-product-078,D:\Conversion Shop Builder maktaba muhammadiya\public\product-images\maktaba\04-polished-safe-jpg\maktaba-product-078.jpg,maktaba-source,/product-images/maktaba/06-professional-staged-jpg/maktaba-product-078.jpg
maktaba-product-079,D:\Conversion Shop Builder maktaba muhammadiya\public\product-images\maktaba\04-polished-safe-jpg\maktaba-product-079.jpg,maktaba-source,/product-images/maktaba/06-professional-staged-jpg/maktaba-product-079.jpg
maktaba-product-080,D:\Conversion Shop Builder maktaba muhammadiya\public\product-images\maktaba\04-polished-safe-jpg\maktaba-product-080.jpg,maktaba-source,/product-images/maktaba/06-professional-staged-jpg/maktaba-product-080.jpg
maktaba-product-081,D:\Conversion Shop Builder maktaba muhammadiya\public\product-images\maktaba\04-polished-safe-jpg\maktaba-product-081.jpg,maktaba-source,/product-images/maktaba/06-professional-staged-jpg/maktaba-product-081.jpg
maktaba-product-082,D:\DOWNLOADS\Hurayah-Essentials-latestVersionWithConvex-main\Hurayah-Essentials-latestVersionWithConvex-main\frontend\public\photoroom\1776001425890-rwodzt.png,hurayrah-clean:Explanation to the Beautiful and Perfect Names of Allah,/product-images/maktaba/06-professional-staged-jpg/maktaba-product-082.jpg
maktaba-product-083,D:\Conversion Shop Builder maktaba muhammadiya\public\product-images\maktaba\04-polished-safe-jpg\maktaba-product-083.jpg,maktaba-source,/product-images/maktaba/06-professional-staged-jpg/maktaba-product-083.jpg
maktaba-product-084,D:\Conversion Shop Builder maktaba muhammadiya\public\product-images\maktaba\04-polished-safe-jpg\maktaba-product-084.jpg,maktaba-source,/product-images/maktaba/06-professional-staged-jpg/maktaba-product-084.jpg
maktaba-product-085,D:\Conversion Shop Builder maktaba muhammadiya\public\product-images\maktaba\04-polished-safe-jpg\maktaba-product-085.jpg,maktaba-source,/product-images/maktaba/06-professional-staged-jpg/maktaba-product-085.jpg
maktaba-product-086,D:\Conversion Shop Builder maktaba muhammadiya\public\product-images\maktaba\04-polished-safe-jpg\maktaba-product-086.jpg,maktaba-source,/product-images/maktaba/06-professional-staged-jpg/maktaba-product-086.jpg
maktaba-product-087,D:\Conversion Shop Builder maktaba muhammadiya\public\product-images\maktaba\04-polished-safe-jpg\maktaba-product-087.jpg,maktaba-source,/product-images/maktaba/06-professional-staged-jpg/maktaba-product-087.jpg
maktaba-product-088,D:\Conversion Shop Builder maktaba muhammadiya\public\product-images\maktaba\04-polished-safe-jpg\maktaba-product-088.jpg,maktaba-source,/product-images/maktaba/06-professional-staged-jpg/maktaba-product-088.jpg
maktaba-product-089,D:\Conversion Shop Builder maktaba muhammadiya\public\product-images\maktaba\04-polished-safe-jpg\maktaba-product-089.jpg,maktaba-source,/product-images/maktaba/06-professional-staged-jpg/maktaba-product-089.jpg
maktaba-product-090,D:\Conversion Shop Builder maktaba muhammadiya\public\product-images\maktaba\04-polished-safe-jpg\maktaba-product-090.jpg,maktaba-source,/product-images/maktaba/06-professional-staged-jpg/maktaba-product-090.jpg
maktaba-product-091,D:\DOWNLOADS\Hurayah-Essentials-latestVersionWithConvex-main\Hurayah-Essentials-latestVersionWithConvex-main\frontend\public\photoroom\1776002592178-kedb59.png,hurayrah-clean:Great Women of Islam,/product-images/maktaba/06-professional-staged-jpg/maktaba-product-091.jpg
maktaba-product-092,D:\Conversion Shop Builder maktaba muhammadiya\public\product-images\maktaba\04-polished-safe-jpg\maktaba-product-092.jpg,maktaba-source,/product-images/maktaba/06-professional-staged-jpg/maktaba-product-092.jpg
maktaba-product-093,D:\Conversion Shop Builder maktaba muhammadiya\public\product-images\maktaba\04-polished-safe-jpg\maktaba-product-093.jpg,maktaba-source,/product-images/maktaba/06-professional-staged-jpg/maktaba-product-093.jpg
maktaba-product-094,D:\Conversion Shop Builder maktaba muhammadiya\public\product-images\maktaba\04-polished-safe-jpg\maktaba-product-094.jpg,maktaba-source,/product-images/maktaba/06-professional-staged-jpg/maktaba-product-094.jpg
maktaba-product-095,D:\Conversion Shop Builder maktaba muhammadiya\public\product-images\maktaba\04-polished-safe-jpg\maktaba-product-095.jpg,maktaba-source,/product-images/maktaba/06-professional-staged-jpg/maktaba-product-095.jpg
maktaba-product-096,D:\Conversion Shop Builder maktaba muhammadiya\public\product-images\maktaba\04-polished-safe-jpg\maktaba-product-096.jpg,maktaba-source,/product-images/maktaba/06-professional-staged-jpg/maktaba-product-096.jpg
